City,City ID,Country,Lat,Lon,Temp,Wind,Humidity,Cloudiness
Puerto Escondido,3520994,MX,15.85,-97.0667,75.34,5.95,70,68
Kalevala,554318,RU,65.2,31.1667,21.67,3.58,85,52
Hofn,2630299,IS,64.2539,-15.2082,43.41,22.82,90,100
Punta Arenas,3874787,CL,-53.15,-70.9167,37.51,4.61,81,0
Castro,3466704,BR,-24.7911,-50.0119,59.54,5.97,98,95
Lompoc,5367788,US,34.6391,-120.4579,54.01,4.61,93,75
Atuona,4020109,PF,-9.8,-139.0333,78.12,17.58,75,14
Grindavik,3416888,IS,63.8424,-22.4338,41.47,9.22,93,75
Grenfell,2164457,AU,-33.9,148.1667,65.62,5.64,45,69
Tabou,2281120,CI,4.423,-7.3528,80.74,4.94,82,69
Mnogovershinnyy,2019935,RU,53.9353,139.9242,22.86,1.66,82,100
Bambous Virieux,1106677,MU,-20.3428,57.7575,82.65,13.8,65,75
Margate,2643044,GB,51.3813,1.3862,54.5,1.01,94,100
Ust-Kuyga,2013921,RU,70.0167,135.6,-4.49,9.6,96,69
Kapaa,5848280,US,22.0752,-159.319,72.1,6.91,81,40
Rikitea,4030556,PF,-23.1203,-134.9692,75.06,11.99,75,93
Boca do Acre,3664956,BR,-8.7522,-67.3978,71.4,0.56,99,99
Ushuaia,3833367,AR,-54.8,-68.3,44.26,13.8,70,0
Geraldton,2070998,AU,-28.7667,114.6,68.41,20.71,68,98
Lüderitz,3355672,NA,-26.6481,15.1594,75.33,12.71,38,0
Bilibino,2126682,RU,68.0546,166.4372,-2.42,1.81,97,84
Deputatsky,2028164,RU,69.3,139.9,-11.22,2.77,92,81
Vila Franca do Campo,3372472,PT,37.7167,-25.4333,68.2,12.28,80,100
Hilo,5855927,US,19.7297,-155.09,70.5,8.05,79,75
Busselton,2075265,AU,-33.65,115.3333,67.05,10.29,43,57
Gizo Government Station,2108857,SB,-8.103,156.8419,84.47,4.68,70,19
Hithadhoo,1282256,MV,-0.6,73.0833,83.16,18.32,70,100
Caceres,2520610,ES,39.522,-6.3748,57.79,5.41,64,3
Ustka,3082756,PL,54.5805,16.8619,42.04,12.33,75,59
Manzhouli,2035836,CN,49.6,117.4333,28.24,11.16,61,1
Barra de Tecoanapa,3516171,MX,16.5167,-98.75,75.49,5.01,89,9
Champerico,3598787,GT,14.3,-91.9167,74.1,4.38,78,80
Vaini,4032243,TO,-21.2,-175.2,75.36,3.44,100,90
Taoudenni,2450173,ML,22.6783,-3.9836,68.14,14.9,25,34
Ancud,3899695,CL,-41.8697,-73.8203,45.93,2.26,90,0
Puerto Ayora,3652764,EC,-0.7393,-90.3518,67.87,7.38,86,57
Nikolskoye,546105,RU,59.7035,30.7861,29.21,6.55,64,3
Progreso,3521108,MX,21.2833,-89.6667,65.1,3.51,65,84
Hermanus,3366880,ZA,-34.4187,19.2345,70.81,5.86,52,23
Abhā,110690,SA,18.2164,42.5053,73.65,8.05,15,0
Hobart,2163355,AU,-42.8794,147.3294,55.27,1.99,84,75
Butaritari,2110227,KI,3.0707,172.7902,81.25,15.73,76,96
Talnakh,1490256,RU,69.4865,88.3972,7.56,6.4,96,100
Faanui,4034551,PF,-16.4833,-151.75,78.6,9.78,77,27
Mawlaik,1310120,MM,23.6333,94.4167,87.78,1.57,45,68
Udachny,2014624,RU,66.4167,112.4,5.74,5.57,98,85
Saint George,5546220,US,37.1041,-113.5841,53.11,3.44,48,1
Saint-Philippe,935215,RE,-21.3585,55.7679,82.67,10.87,75,26
Yellowknife,6185377,CA,62.456,-114.3525,18.46,5.75,95,90
Tromsø,6453316,NO,69.6496,18.957,32.02,13.8,64,0
Chifeng,2038067,CN,42.2683,118.9636,30.2,15.05,68,55
Roela,587571,EE,59.1667,26.5926,33.33,5.06,67,32
Namatanai,2090021,PG,-3.6667,152.4333,81.73,11.3,75,22
Verkhniachka,689857,UA,48.8285,30.0396,45.63,13.11,68,100
Puerto Escondido,3520994,MX,15.85,-97.0667,75.34,5.95,70,68
Kalevala,554318,RU,65.2,31.1667,21.67,3.58,85,52
Hofn,2630299,IS,64.2539,-15.2082,43.41,22.82,90,100
Punta Arenas,3874787,CL,-53.15,-70.9167,37.51,4.61,81,0
Castro,3466704,BR,-24.7911,-50.0119,59.54,5.97,98,95
Lompoc,5367788,US,34.6391,-120.4579,54.01,4.61,93,75
Atuona,4020109,PF,-9.8,-139.0333,78.12,17.58,75,14
Grindavik,3416888,IS,63.8424,-22.4338,41.47,9.22,93,75
Grenfell,2164457,AU,-33.9,148.1667,65.62,5.64,45,69
Tabou,2281120,CI,4.423,-7.3528,80.74,4.94,82,69
Mnogovershinnyy,2019935,RU,53.9353,139.9242,22.86,1.66,82,100
Bambous Virieux,1106677,MU,-20.3428,57.7575,82.65,13.8,65,75
Margate,2643044,GB,51.3813,1.3862,54.5,1.01,94,100
Ust-Kuyga,2013921,RU,70.0167,135.6,-4.49,9.6,96,69
Kapaa,5848280,US,22.0752,-159.319,72.1,6.91,81,40
Rikitea,4030556,PF,-23.1203,-134.9692,75.06,11.99,75,93
Boca do Acre,3664956,BR,-8.7522,-67.3978,71.4,0.56,99,99
Ushuaia,3833367,AR,-54.8,-68.3,44.26,13.8,70,0
Geraldton,2070998,AU,-28.7667,114.6,68.41,20.71,68,98
Lüderitz,3355672,NA,-26.6481,15.1594,75.33,12.71,38,0
Bilibino,2126682,RU,68.0546,166.4372,-2.42,1.81,97,84
Deputatsky,2028164,RU,69.3,139.9,-11.22,2.77,92,81
Vila Franca do Campo,3372472,PT,37.7167,-25.4333,68.2,12.28,80,100
Hilo,5855927,US,19.7297,-155.09,70.5,8.05,79,75
Busselton,2075265,AU,-33.65,115.3333,67.05,10.29,43,57
Gizo Government Station,2108857,SB,-8.103,156.8419,84.47,4.68,70,19
Hithadhoo,1282256,MV,-0.6,73.0833,83.16,18.32,70,100
Caceres,2520610,ES,39.522,-6.3748,57.79,5.41,64,3
Ustka,3082756,PL,54.5805,16.8619,42.04,12.33,75,59
Manzhouli,2035836,CN,49.6,117.4333,28.24,11.16,61,1
Barra de Tecoanapa,3516171,MX,16.5167,-98.75,75.49,5.01,89,9
Champerico,3598787,GT,14.3,-91.9167,74.1,4.38,78,80
Vaini,4032243,TO,-21.2,-175.2,75.36,3.44,100,90
Taoudenni,2450173,ML,22.6783,-3.9836,68.14,14.9,25,34
Ancud,3899695,CL,-41.8697,-73.8203,45.93,2.26,90,0
Puerto Ayora,3652764,EC,-0.7393,-90.3518,67.87,7.38,86,57
Nikolskoye,546105,RU,59.7035,30.7861,29.21,6.55,64,3
Progreso,3521108,MX,21.2833,-89.6667,65.1,3.51,65,84
Hermanus,3366880,ZA,-34.4187,19.2345,70.81,5.86,52,23
Abhā,110690,SA,18.2164,42.5053,73.65,8.05,15,0
Hobart,2163355,AU,-42.8794,147.3294,55.27,1.99,84,75
Butaritari,2110227,KI,3.0707,172.7902,81.25,15.73,76,96
Talnakh,1490256,RU,69.4865,88.3972,7.56,6.4,96,100
Faanui,4034551,PF,-16.4833,-151.75,78.6,9.78,77,27
Mawlaik,1310120,MM,23.6333,94.4167,87.78,1.57,45,68
Udachny,2014624,RU,66.4167,112.4,5.74,5.57,98,85
Saint George,5546220,US,37.1041,-113.5841,53.11,3.44,48,1
Saint-Philippe,935215,RE,-21.3585,55.7679,82.67,10.87,75,26
Yellowknife,6185377,CA,62.456,-114.3525,18.46,5.75,95,90
Tromsø,6453316,NO,69.6496,18.957,32.02,13.8,64,0
Chifeng,2038067,CN,42.2683,118.9636,30.2,15.05,68,55
Roela,587571,EE,59.1667,26.5926,33.33,5.06,67,32
Namatanai,2090021,PG,-3.6667,152.4333,81.73,11.3,75,22
Verkhniachka,689857,UA,48.8285,30.0396,45.63,13.11,68,100
Guamúchil,4005297,MX,25.4667,-108.1,68.68,2.66,41,100
Chokurdakh,2126123,RU,70.6333,147.9167,-6.59,7.58,94,97
Cloquet,5021632,US,46.7216,-92.4594,30.9,4.61,89,1
Avarua,4035715,CK,-21.2078,-159.775,73.45,8.05,83,40
Cape Town,3369157,ZA,-33.9258,18.4232,69.6,2.3,45,40
Izazi,158825,TZ,-7.2,35.7333,94.96,5.73,17,98
Kattivākkam,1267433,IN,13.2167,80.3167,77.07,18.23,95,100
Miramar,4164601,US,25.9873,-80.2323,61.9,6.91,89,75
Leningradskiy,2123814,RU,69.3833,178.4167,10.76,1.25,86,100
Clyde River,5924351,CA,70.4692,-68.5914,0.52,5.44,91,41
Yakeshi,2033536,CN,49.2833,120.7333,23.68,7.49,45,1
Nanortalik,3421765,GL,60.1432,-45.2371,22.32,12.75,75,12
Nísia Floresta,3393922,BR,-6.0911,-35.2086,79.18,7.72,74,12
Camopi,3382226,GF,3.1655,-52.3158,71.47,1.74,100,99
Alta Floresta,6316343,BR,-9.8756,-56.0861,69.73,3.22,99,100
Chui,3443061,UY,-33.6971,-53.4616,57.74,3.31,81,79
Tiksi,2015306,RU,71.6872,128.8694,18.52,13.18,81,100
Yangi Marg`ilon,1513491,UZ,40.4272,71.7189,52.52,2.3,35,75
Palmer,4946620,US,42.1584,-72.3287,40.28,0.0,100,1
Marawi,1701054,PH,7.9986,124.2928,71.65,3.47,97,100
Khatanga,2022572,RU,71.9667,102.5,-2.67,9.06,99,95
Pemangkat,1631637,ID,1.1667,108.9667,83.64,3.98,73,99
Mezen',527321,RU,65.8522,44.24,24.89,3.8,82,49
Cabo San Lucas,3985710,MX,22.8909,-109.9124,79.52,10.6,57,100
Provideniya,4031574,RU,64.3833,-173.3,13.53,5.17,75,16
Merritt Island,4164092,US,28.5392,-80.672,58.03,5.75,87,75
Akdepe,601551,TM,42.0551,59.3788,55.49,6.78,16,2
Vardø,777019,NO,70.3705,31.1107,19.38,9.22,73,0
Jamestown,5122534,US,42.097,-79.2353,46.62,1.01,79,1
Haines Junction,5969025,CA,60.7522,-137.5108,8.55,1.14,85,97
Port Lincoln,2063036,AU,-34.7333,135.8667,57.94,17.09,64,94
Salto,3440714,UY,-31.3833,-57.9667,59.88,5.61,91,0
Kamyshin,553287,RU,50.0983,45.416,49.42,14.0,62,100
Paramirim,3455082,BR,-13.4425,-42.2389,70.77,2.98,91,100
Kampong Thom,1831125,KH,12.7111,104.8887,82.99,5.99,76,90
São João da Barra,3448903,BR,-21.6403,-41.0511,71.11,3.89,81,100
Vanimo,2084442,PG,-2.6741,141.3028,81.79,8.28,82,50
Lebu,3883457,CL,-37.6167,-73.65,52.27,9.78,93,100
Taltal,3870243,CL,-25.4,-70.4833,56.82,0.36,82,48
Port Alfred,964432,ZA,-33.5906,26.891,67.77,16.06,60,19
Bredasdorp,1015776,ZA,-34.5322,20.0403,69.12,5.75,40,5
Albany,5106841,US,42.6001,-73.9662,41.94,3.36,83,0
Pacific Grove,5380437,US,36.6177,-121.9166,53.65,1.99,88,90
Arraial do Cabo,3471451,BR,-22.9661,-42.0278,71.46,3.44,88,75
Los Llanos de Aridane,2514651,ES,28.6585,-17.9182,64.13,11.01,70,75
Touros,3386213,BR,-5.1989,-35.4608,76.1,12.33,72,12
Mar del Plata,3430863,AR,-38.0023,-57.5575,57.54,5.01,83,75
Ust'-Omchug,2120047,RU,61.15,149.6333,-13.34,0.65,93,57
Tarabuco,3903391,BO,-19.1667,-64.9167,46.96,3.98,77,100
Berlevåg,780687,NO,70.8578,29.0864,24.75,19.57,58,0
Severo-Kuril'sk,2121385,RU,50.6789,156.125,34.9,6.87,72,85
Souillac,933995,MU,-20.5167,57.5167,82.78,13.8,65,75
Fort Nelson,5955902,CA,58.8053,-122.7002,18.99,5.75,93,90
Paamiut,3421193,GL,61.994,-49.6678,13.26,7.67,73,10
Torbay,6167817,CA,47.6666,-52.7314,39.16,2.3,96,90
Thompson,6165406,CA,55.7435,-97.8558,28.56,5.75,86,75
Aklavik,5882953,CA,68.2191,-135.0107,13.03,5.48,96,99
Kabalo,215668,CD,-6.05,26.9167,93.7,2.8,41,3
Beaverlodge,5896969,CA,55.2166,-119.4361,22.35,12.26,58,68
Inhambane,1045114,MZ,-23.865,35.3833,87.78,12.66,70,20
Dikson,1507390,RU,73.5069,80.5464,8.22,10.65,92,100
Ilulissat,3423146,GL,69.2167,-51.1,6.82,14.97,66,0
Panama City,3703443,PA,8.9936,-79.5197,75.43,5.75,86,90
Tautira,4033557,PF,-17.7333,-149.15,77.02,4.65,80,30
Ponta do Sol,2264557,PT,32.6667,-17.1,70.68,5.5,64,16
Carutapera,3402648,BR,-1.195,-46.02,77.74,4.99,84,100
Caravelas,3466980,BR,-17.7125,-39.2481,75.18,1.05,88,93
Westport,4845585,US,41.1415,-73.3579,43.03,4.38,93,1
Cayenne,3382160,GF,4.9333,-52.3333,80.1,5.01,85,40
Airai,1651810,TL,-8.9266,125.4092,67.12,1.28,88,100
Tuktoyaktuk,6170031,CA,69.4541,-133.0374,17.6,4.61,86,90
Contamana,3697838,PE,-7.3333,-75.0167,71.73,1.81,90,63
Belmonte,3470137,BR,-15.8631,-38.8828,75.7,3.15,88,98
Mayo,4362001,US,38.8876,-76.5119,48.15,0.0,75,1
Carnarvon,2074865,AU,-24.8667,113.6333,73.47,21.85,60,1
Cherlak,1508138,RU,54.155,74.8055,41.43,14.56,33,9
Constitución,3893726,CL,-35.3333,-72.4167,54.32,6.17,87,100
Vestmannaeyjar,3412093,IS,63.4427,-20.2734,45.59,21.85,87,90
Muisne,3653967,EC,0.6,-80.0333,73.45,9.89,88,100
Sur,286245,OM,22.5667,59.5289,83.41,11.59,40,2
Pevek,2122090,RU,69.7008,170.3133,1.8,2.08,94,81
Cherskiy,2126199,RU,68.75,161.3,-0.45,2.77,99,98
George Town,1735106,MY,5.4112,100.3354,83.34,10.36,81,40
Tiquicheo,3981505,MX,18.8833,-100.7333,70.77,2.37,83,15
Bluff,2206939,NZ,-46.6,168.3333,56.61,5.73,83,100
Kaitangata,2208248,NZ,-46.2817,169.8464,54.37,2.44,94,100
Faya,110690,SA,18.3851,42.4509,73.92,2.57,25,0
Mataura,6201424,NZ,-46.1927,168.8643,57.65,0.31,74,100
Kalmunai,1242110,LK,7.4167,81.8167,82.54,13.94,77,100
Hong Kong,1819729,HK,22.2855,114.1577,71.87,5.99,47,54
Bethel,5282297,US,41.3712,-73.414,42.35,0.0,88,1
Isangel,2136825,VU,-19.55,169.2667,73.51,1.14,88,84
Moroto,229112,UG,2.5345,34.6666,83.16,10.47,31,6
Qaanaaq,3831208,GL,77.484,-69.3632,3.87,7.56,59,6
Noshiro,2128867,JP,40.2039,140.0242,58.03,3.58,90,100
Yinchuan,1786657,CN,38.4681,106.2731,36.55,3.56,35,0
Beira,1052373,MZ,-19.8436,34.8389,87.89,12.66,66,20
Coquimbo,3893629,CL,-29.9533,-71.3436,55.13,4.61,100,90
Porto Santo,8010683,PT,33.072,-16.3415,68.38,12.66,60,40
Paphos,146214,CY,34.7667,32.4167,79.52,5.75,44,0
Barrow,5880054,US,71.2906,-156.7887,11.73,5.75,97,97
Saint Paul Harbor,5866583,US,57.79,-152.4072,30.72,6.15,82,17
Kondinskoye,1502697,RU,59.6481,67.41,34.03,14.56,90,100
Coahuayana Viejo,4013679,MX,18.7333,-103.6833,74.71,4.0,92,6
Saskylakh,2017155,RU,71.9167,114.0833,-19.62,4.54,100,45
La Ronge,6050066,CA,55.1001,-105.2842,26.85,3.44,86,90
Araouane,2460954,ML,18.9048,-3.5265,71.74,18.63,22,13
Ribeira Grande,3372707,PT,38.5167,-28.7,61.2,5.75,88,20
La Grande,5735537,US,45.3246,-118.0877,44.47,17.81,52,100
Yatou,1786855,CN,37.15,122.3833,44.38,18.28,57,89
Goderich,5962442,CA,43.7501,-81.7165,50.47,5.75,76,90
Hvide Sande,2619537,DK,56.0045,8.1294,50.85,28.52,89,100
Panjakent,1220798,TJ,39.4952,67.6093,39.0,3.24,85,100
Mossamedes,3347019,AO,-15.1961,12.1522,77.63,5.75,69,40
Ponta Delgada,3372783,PT,37.7333,-25.6667,66.92,8.05,82,75
Leuven,2792482,BE,50.8796,4.7009,44.2,6.91,88,20
East London,1006984,ZA,-33.0153,27.9116,68.94,10.36,68,20
Upernavik,3418910,GL,72.7868,-56.1549,15.26,12.19,93,100
Makakilo City,5850554,US,21.3469,-158.0858,71.73,3.44,72,1
Esperance,2071860,AU,-33.8667,121.9,60.64,22.24,62,96
North Platte,5697939,US,41.1239,-100.7654,38.05,1.01,70,90
Puri,1259184,IN,19.8,85.85,84.72,8.93,48,45
College,5859699,US,64.8569,-147.8028,3.94,4.61,76,75
Fortuna,5563839,US,40.5982,-124.1573,53.74,4.0,72,90
Alice Springs,2077895,AU,-23.7,133.8833,74.75,8.05,83,75
Lensk,2020838,RU,60.7253,114.9278,28.29,13.53,90,100
Semporna,1733697,MY,4.4818,118.6112,75.4,7.81,89,100
Sola,2134814,VU,-13.8833,167.55,77.67,0.0,100,75
Port Elizabeth,964420,ZA,-33.918,25.5701,70.09,17.27,52,20
Mbalmayo,2228079,CM,3.5167,11.5,78.91,0.58,72,94
Hazorasp,1513957,UZ,41.3194,61.0742,51.64,0.98,12,0
Northam,2641434,GB,51.0333,-4.2167,53.94,11.1,95,56
Province of Mantua,3174050,IT,45.1667,10.7833,50.74,1.01,90,79
Port Blair,1259385,IN,11.6667,92.75,84.0,15.12,76,100
Golyshmanovo,1506422,RU,56.3979,68.3728,37.71,18.86,56,100
Giyani,1001860,ZA,-23.3025,30.7187,98.1,9.44,17,94
Tupã,3445942,BR,-21.9347,-50.5136,67.6,6.76,79,51
Rawson,3839307,AR,-43.3002,-65.1023,43.09,0.0,93,75
Turukhansk,1488903,RU,65.8167,87.9833,6.69,5.61,96,99
Sarny,694792,UA,51.338,26.6019,37.99,9.64,61,6
Alofi,4036284,NU,-19.0595,-169.9187,75.09,5.75,94,68
Tabuk,1684803,PH,17.4189,121.4443,77.95,5.84,86,92
San Patricio,4726521,US,28.017,-97.5169,66.56,6.49,79,75
Voh,2137748,NC,-20.9667,164.7,74.64,3.91,80,79
Pisco,3932145,PE,-13.7,-76.2167,62.65,3.44,82,75
Waipawa,2206874,NZ,-41.4122,175.5153,55.02,2.73,86,80
Kargasok,1504382,RU,59.0556,80.8572,34.12,10.74,84,100
Dalkola,1273642,IN,25.85,87.85,82.27,2.42,41,84
Chipinge,893549,ZW,-20.1883,32.6236,98.22,3.83,13,2
Saint-Joseph,6690296,RE,-21.3667,55.6167,81.7,7.54,73,16
Spring Hill,4173838,US,28.4769,-82.5255,53.1,7.72,73,0
Tuatapere,2180815,NZ,-46.1333,167.6833,56.12,2.71,86,100
Windsor,6182962,CA,42.3001,-83.0165,46.11,4.61,87,20
Bathsheba,3374083,BB,13.2167,-59.5167,77.61,8.05,83,40
Abu Kamal,174448,SY,34.4506,40.9171,73.54,3.71,11,0
Hualmay,3939761,PE,-11.0964,-77.6139,62.82,6.91,89,88
Boksitogorsk,575410,RU,59.474,33.8485,28.6,6.76,61,11
Ternate,1624041,ID,0.8,127.4,81.91,4.74,79,97
Lagoa,3372964,PT,39.05,-27.9833,64.13,2.17,82,100
Omsukchan,2122493,RU,62.5333,155.8,-13.41,3.62,96,5
Pontianak,1630789,ID,-0.0333,109.3333,83.98,3.44,79,40
Constantine,2501152,DZ,36.365,6.6147,53.28,8.99,70,99
Vanavara,2013727,RU,60.34,102.2797,27.52,11.99,88,100
Forsytheganj,10722858,BY,52.6333,29.7333,34.32,13.22,64,15
Yerbogachën,2012956,RU,61.2767,108.0108,26.29,12.82,91,100
High Rock,3572189,BS,26.6208,-78.2833,64.42,15.64,59,0
Hamilton,4513583,US,39.1834,-84.5333,47.57,0.0,76,20
Winnemucca,5710360,US,40.973,-117.7357,42.85,4.61,61,90
Galle,1246294,LK,6.0367,80.217,80.58,16.73,77,100
San Jose,5392171,US,37.3394,-121.895,52.45,13.8,87,90
Paducah,4048662,US,37.0834,-88.6001,45.45,0.0,81,1
Kuril'sk,2123979,RU,45.2333,147.8833,47.95,17.67,89,100
Kihurio,157653,TZ,-4.4667,38.0667,90.09,1.39,29,81
Tasiilaq,3424607,GL,65.6145,-37.6368,33.96,7.61,70,100
Karratha,6620339,AU,-20.7377,116.8463,80.55,25.19,41,0
Te Anau,2181625,NZ,-45.4167,167.7167,54.0,2.55,87,100
Mahébourg,934322,MU,-20.4081,57.7,82.69,13.8,65,75
Pouébo,2138607,NC,-20.4,164.5667,75.74,4.25,79,68
Maceió,3395981,BR,-9.6658,-35.7353,78.24,3.44,94,40
Salalah,286621,OM,17.0151,54.0924,86.09,14.97,58,0
Diamantino,3464724,BR,-14.4086,-56.4461,73.11,0.49,86,100
New Norfolk,2155415,AU,-42.7826,147.0587,54.03,1.83,73,100
Bull Savanna,3491161,JM,17.8868,-77.5902,73.9,4.92,86,78
San Quintín,3984997,MX,30.4833,-115.95,59.94,8.95,87,5
Iquique,3887127,CL,-20.2208,-70.1431,57.24,4.41,66,96
Okhotsk,2122605,RU,59.3833,143.3,5.07,8.86,77,71
Flinders,6255012,AU,-34.5833,150.8552,63.3,5.79,89,14
Kavieng,2094342,PG,-2.5744,150.7967,83.37,17.52,77,5
Vostok,2013279,RU,46.4856,135.8833,35.4,3.91,95,86
Ukiah,5404476,US,39.1502,-123.2078,47.64,5.75,92,90
Ust-Maya,2013918,RU,60.4167,134.5333,11.57,3.85,94,92
Sistranda,3139597,NO,63.7256,8.834,48.16,30.6,84,100
Okmulgee,4544383,US,35.6234,-95.9605,56.1,9.22,88,1
Itarema,3393692,BR,-2.9248,-39.9167,79.72,11.9,74,32
Batticaloa,1250161,LK,7.7102,81.6924,82.11,14.94,78,100
Dunedin,2191562,NZ,-45.8742,170.5036,57.79,6.87,90,100
Paris,2988507,FR,48.8534,2.3488,42.04,3.44,92,0
Agía Galíni,264260,GR,35.1,24.6833,72.05,4.38,52,97
Río Gallegos,3838859,AR,-51.6226,-69.2181,32.05,1.14,100,100
Havre-St-Pierre,5972291,CA,50.2334,-63.5986,39.74,0.0,93,90
Maryborough,2158562,AU,-25.5333,152.7,72.95,7.58,95,92
Muros,3115824,ES,42.7762,-9.0603,57.7,10.51,83,2
Port Macquarie,2152659,AU,-31.4333,152.9167,66.88,6.42,86,66
Adyge-Khabl',584221,RU,44.3343,41.9392,63.37,5.73,41,100
Lagoa Nova,3396662,BR,-6.1,-36.4833,69.78,8.21,77,9
Lichinga,1043893,MZ,-13.3128,35.2406,82.49,14.97,39,20
Norman Wells,6089245,CA,65.282,-126.8329,12.24,3.44,85,75
Nizhniy Baskunchak,520798,RU,48.2198,46.8311,52.95,11.41,89,100
Zhalantun,2033225,CN,48.0,122.7167,28.67,17.72,60,100
Lárdos,408689,GR,36.0942,28.0157,69.62,4.61,53,86
Taree,2147381,AU,-31.9,152.4667,67.73,8.05,83,68
Healdsburg,5356012,US,38.6105,-122.8692,50.05,4.0,86,90
Longyearbyen,2729907,SJ,78.2186,15.6401,22.84,3.44,93,90
Kumul,1529484,CN,42.8,93.45,33.22,2.26,40,5
Meulaboh,1214488,ID,4.1363,96.1285,83.25,5.23,68,91
Dingle,1714733,PH,10.9995,122.6711,79.48,10.49,88,93
Kumluca,305681,TR,36.3703,30.2869,73.67,4.56,28,60
Iqaluit,5983720,CA,63.7506,-68.5145,7.7,8.99,84,75
Mareeba,2158767,AU,-17.0,145.4333,76.46,5.28,87,100
Nova Soure,3456115,BR,-11.2333,-38.4833,74.08,7.83,85,94
Linjiang,2036069,CN,41.8069,126.9078,26.8,8.3,77,99
Severnoye,1492607,RU,56.3491,78.3619,33.66,10.56,88,100
Rimavská Sobota,723736,SK,48.3828,20.0224,47.03,0.58,61,10
Guerrero Negro,4021858,MX,27.9769,-114.0611,61.5,8.93,87,1
Vilyuysk,2013392,RU,63.7553,121.6247,28.47,6.11,97,100
Lengshuijiang,1804169,CN,27.6881,111.4294,56.41,2.8,52,94
Churapcha,2025241,RU,62.0025,132.4325,19.56,9.37,95,99
Katherine,2068655,AU,-14.4667,132.2667,95.32,4.61,43,20
Phan Thiet,1571058,VN,10.9333,108.1,79.68,9.71,87,100
Marataizes,3457819,BR,-21.0433,-40.8244,71.47,3.96,87,100
Chuzhou,1814757,CN,32.3219,118.2978,49.6,9.8,49,30
Yar-Sale,1486321,RU,66.8333,70.8333,8.74,6.46,91,5
Mount Gambier,2156643,AU,-37.8333,140.7667,53.51,10.36,82,90
Yulara,6355222,AU,-25.2406,130.9889,71.44,25.32,88,90
Yeniseysk,1485997,RU,58.4497,92.1703,31.69,7.34,89,97
Poum,2138555,NC,-20.2333,164.0167,77.13,8.61,80,62
Dungarvan,2964528,IE,52.0881,-7.6253,56.03,8.01,100,100
Pandamatenga,933178,BW,-18.5278,25.627,97.3,6.55,19,35
Siderno,6540819,IT,38.2779,16.302,75.31,6.11,87,100
Pangai,4032369,TO,-19.8,-174.35,77.81,10.85,85,100
Avera,4231997,US,33.194,-82.5271,38.7,3.56,51,0
Pangody,1495626,RU,65.85,74.4859,6.06,5.55,95,17
Ürümqi,1529102,CN,43.801,87.6005,31.15,4.47,37,0
Akureyri,2633274,IS,65.6835,-18.0878,26.53,2.3,93,20
Sol'-Iletsk,491019,RU,51.1631,54.9918,43.86,16.69,88,99
Klaksvík,2618795,FO,62.2266,-6.589,47.32,36.8,77,74
Buraidah,107304,SA,26.326,43.975,75.65,5.46,10,2
Āron,1278365,IN,24.3833,77.4167,83.82,8.66,20,35
Bubaque,2374583,GW,11.2833,-15.8333,82.24,12.33,71,11
Codrington,2171099,AU,-38.2667,141.9667,54.01,10.33,71,100
Zhigansk,2012530,RU,66.7697,123.3711,15.24,19.17,94,100
Najrān,103630,SA,17.4924,44.1277,81.25,15.3,15,0
Richards Bay,962367,ZA,-28.783,32.0377,67.98,20.71,83,100
Sobolevo,525426,RU,54.4299,31.8996,31.44,15.41,69,85
Jalu,86049,LY,29.0331,21.5482,77.29,11.56,29,83
Dehlorān,136702,IR,32.6941,47.2679,78.12,3.56,18,82
Narsaq,3421719,GL,60.9167,-46.05,21.42,6.04,80,20
Buenavista,1723481,PH,8.9769,125.4089,78.8,1.83,91,100
São Filipe,3374210,CV,14.8961,-24.4956,75.97,8.88,76,100
Chapais,5919850,CA,49.7834,-74.8492,40.78,12.35,67,100
Bodmin,2655273,GB,50.4715,-4.7243,54.05,10.36,94,75
Henties Bay,3356832,NA,-22.116,14.2845,63.86,5.41,66,0
Thunder Bay,6166142,CA,48.4001,-89.3168,25.02,4.61,97,1
Jacareacanga,3397763,BR,-6.2222,-57.7528,70.83,1.45,99,100
Cabinda,2243271,AO,-5.55,12.2,82.54,6.91,78,40
Baní,3512067,DO,18.2833,-70.3333,75.85,4.59,83,8
Smyshlyayevka,491576,RU,53.2391,50.3907,49.24,9.17,71,100
Verkhoyansk,2013465,RU,67.5447,133.385,-7.2,3.24,93,69
Morón,3430545,AR,-34.6534,-58.6198,62.04,4.0,80,70
Safranbolu,740430,TR,41.2508,32.6942,56.93,1.54,45,82
Garoowe,58933,SO,8.4054,48.4845,86.5,8.61,22,43
Lima,3936456,PE,-12.0432,-77.0282,62.89,10.36,82,90
Bintulu,1737486,MY,3.1667,113.0333,86.41,5.75,74,20
Yeppoon,2142316,AU,-23.1333,150.7333,74.98,9.42,81,100
Khandyga,2022773,RU,62.6667,135.6,15.03,6.33,95,99
Beringovskiy,2126710,RU,63.05,179.3167,25.48,5.03,95,100
Voskresenskoye,471607,RU,56.8381,45.4317,35.55,11.3,96,100
Tucumã,3385980,BR,-0.1833,-50.05,76.62,4.5,88,85
Hadejia,2339631,NG,12.4498,10.0444,90.01,7.7,14,12
Luchegorsk,2020689,RU,46.4764,134.2569,38.55,10.16,90,100
Kloulklubed,7671223,PW,7.0419,134.2556,82.9,14.18,76,92
Padang,1633419,ID,-0.9492,100.3543,81.81,4.81,79,100
Tendō,2110793,JP,38.3536,140.3697,59.04,13.8,100,75
Ambon City,1651531,ID,-3.6954,128.1814,86.14,4.61,70,40
Auki,2109701,SB,-8.7676,160.7034,78.57,5.5,86,2
Chumikan,2025256,RU,54.7183,135.315,26.29,8.25,76,100
Yurginskoye,1485712,RU,56.8189,67.3921,37.76,15.97,62,100
Kenora,5991056,CA,49.8167,-94.4337,38.07,11.5,65,1
Port Hedland,2063042,AU,-20.3167,118.5667,78.85,23.02,53,4
Khorixas,3356213,NA,-20.3667,14.9667,91.54,7.94,7,4
Nortelândia,3456248,BR,-14.4547,-56.8028,73.06,1.57,92,99
Hasaki,2112802,JP,35.7333,140.8333,66.52,22.06,89,100
Mangaldai,1263787,IN,26.4333,92.0333,85.91,7.67,49,27
Qūchān,119115,IR,37.106,58.5095,50.04,2.91,24,0
Ostrovnoy,556268,RU,68.0531,39.5131,26.35,12.77,85,100
Kilinochchi,1240372,LK,9.3961,80.3982,78.67,10.13,89,100
Aripuanã,3665202,BR,-9.1667,-60.6333,71.04,1.01,100,100
Port-Cartier,6111696,CA,50.0334,-66.8654,40.73,6.8,90,100
Tottori-shi,1849892,JP,35.5,134.2333,55.47,8.05,62,75
Örnsköldsvik,2686469,SE,63.2909,18.7153,34.75,17.27,100,100
Lata,2738381,PT,40.1629,-8.3327,55.83,5.21,74,42
Matadi,2313002,CD,-5.8167,13.45,87.37,2.48,63,100
Santiago del Estero,3835869,AR,-27.7951,-64.2615,72.63,4.5,69,97
Cidreira,3466165,BR,-30.1811,-50.2056,61.18,2.42,75,2
Umm Kaddadah,364933,SD,13.6017,26.6876,91.65,12.73,13,31
Javorník,3074398,CZ,50.3908,17.0027,43.95,0.81,75,86
La Ligua,3885456,CL,-32.4524,-71.2311,51.58,1.63,94,38
Dukat,2125906,RU,62.55,155.55,-12.17,3.62,94,5
Rudkøbing,2614432,DK,54.9364,10.7102,48.94,20.65,87,98
Le Passage,3003017,FR,44.2014,0.6028,41.65,3.44,100,40
Maumere,1635815,ID,-8.6199,122.2111,84.6,1.41,71,100
Pahrump,5509851,US,36.2083,-115.9839,63.1,11.9,21,97
Pemba,1028918,MZ,-12.974,40.5178,86.7,14.97,70,20
Sabha,2212775,LY,27.0377,14.4283,73.96,16.78,24,100
Devgarh,1273098,IN,25.5333,73.9,84.06,7.05,16,0
Nhulunbuy,2064735,AU,-12.2333,136.7667,86.61,8.05,70,18
Anloga,2304548,GH,5.7947,0.8973,84.42,5.5,72,96
Lábrea,3663684,BR,-7.2586,-64.7981,72.14,0.54,99,100
Rusnė,595087,LT,55.2964,21.3758,40.98,8.77,71,60
Ilebo,215976,CD,-4.3167,20.5833,91.69,3.36,45,100
Trzcianka,3083185,PL,53.0406,16.4563,43.05,7.94,81,100
Takapau,2181988,NZ,-40.0333,176.35,56.73,2.3,97,80
Turbat,1163054,PK,26.0023,63.044,89.69,1.97,11,0
Shahr-e Bābak,115781,IR,30.1165,55.1186,52.45,0.94,51,73
Kutum,371745,SD,14.2,24.6667,82.89,11.56,18,8
Dessie,339219,ET,11.1333,39.6333,64.15,8.59,45,72
Nova Odesa,699811,UA,47.3078,31.7851,48.6,9.8,51,100
Wanning,1791779,CN,18.8003,110.3967,73.0,13.58,76,70
Micheweni,153955,TZ,-4.9667,39.8333,83.7,2.28,65,96
Mount Isa,2065594,AU,-20.7333,139.5,87.57,11.5,48,100
Kirensk,2022083,RU,57.7853,108.1119,29.43,10.04,90,100
Krasnaya Polyana,542640,RU,56.242,51.1442,43.83,11.54,74,99
Găiseni,677712,RO,44.515,25.6453,44.46,12.97,87,100
Nyurba,2018735,RU,63.2842,118.3319,29.25,7.7,97,100
Tāybād,1159384,IR,34.74,60.7756,55.65,4.72,24,0
Dilla,338998,ET,6.41,38.31,73.62,3.6,64,70
Portland,5746545,US,45.5234,-122.6762,47.35,1.01,91,90
Sioux Lookout,6148373,CA,50.1001,-91.917,33.87,4.61,80,40
Itamarandiba,3460825,BR,-17.8572,-42.8589,65.19,2.37,99,100
Shache,1280037,CN,38.4167,77.2406,43.41,4.03,24,12
Hohhot,2036892,CN,40.8106,111.6522,32.29,13.42,51,40
Bandarbeyla,64814,SO,9.4942,50.8122,82.56,15.3,64,45
Ayagoz,1525988,KZ,47.9714,80.4392,30.94,2.64,74,9
Bjerkvik,3161456,NO,68.5597,17.5189,33.1,9.37,78,100
Olafsvik,3414079,IS,64.8945,-23.7142,37.49,14.83,77,92
Kahului,5847411,US,20.8947,-156.47,74.39,10.36,78,40
Saint-Pierre,935214,RE,-21.3393,55.4781,82.67,18.41,61,20
Cintalapa,3530617,MX,16.6951,-93.7272,62.47,4.61,96,67
Panzhihua,6929460,CN,26.5851,101.7128,72.36,1.99,51,28
Gornopravdinsk,1506268,RU,60.05,69.9,34.32,9.98,88,100
Lokosovo,1500399,RU,61.1333,74.8167,31.86,10.13,90,100
Road Town,3577430,VG,18.4167,-64.6167,78.01,9.37,68,100
Svetlaya,2015852,RU,46.5389,138.3297,47.32,9.57,98,100
Zhangzhou,1785018,CN,24.5133,117.6556,67.93,3.65,48,7
Comodoro Rivadavia,3860443,AR,-45.8667,-67.5,58.86,3.44,47,0
Porto Walter,3662761,BR,-8.2686,-72.7439,70.5,1.63,99,97
Shimoda,1852357,JP,34.6667,138.95,63.1,11.61,89,80
Sitka,5557293,US,57.0531,-135.33,42.69,11.5,45,90
Chengzhong,1786640,CN,30.95,113.55,55.45,4.43,41,100
Ofakim,293992,IL,31.3141,34.6203,80.74,5.17,16,2
Arrondissement de Saint-Denis,2980915,FR,48.9167,2.3333,42.04,2.3,91,0
George,1002145,ZA,-33.963,22.4617,67.55,5.75,52,0
Karagaylinskiy,1504590,RU,54.172,86.5521,29.88,6.76,82,24
Leshukonskoye,535839,RU,64.8989,45.7622,24.73,6.78,74,4
Krasnosel'kup,1502073,RU,65.7,82.4667,5.31,5.88,96,13
Nogliki,2122783,RU,51.8333,143.1667,39.11,17.25,96,100
Mayor Pablo Lagerenza,3867427,PY,-19.9309,-60.7718,74.39,3.74,68,100
Dossor,610023,KZ,47.5272,52.9811,56.95,23.62,67,100
Tilichiki,2120591,RU,60.4667,166.1,19.99,5.53,92,100
Harper,2276492,LR,4.375,-7.7169,81.09,4.65,81,68
Santa Maria,3450083,BR,-29.6842,-53.8069,54.7,2.3,100,0
Praia da Vitória,3372760,PT,38.7333,-27.0667,61.05,2.13,100,40
Agnibilékrou,2293260,CI,7.1344,-3.2047,80.31,3.13,73,56
Burnie,2173125,AU,-41.0667,145.9167,55.36,10.18,75,99
Half Moon Bay,5354943,US,37.4636,-122.4286,52.99,5.99,92,90
Abonnema,2324433,NG,4.7084,6.7931,85.35,4.68,66,100
Kavaratti,1267390,IN,10.5669,72.642,81.95,7.52,66,72
Bhawānipatna,1276023,IN,19.9,83.1667,80.24,5.32,45,78
Nouadhibou,2377457,MR,20.931,-17.0347,66.18,11.5,68,100
Iskateley,866062,RU,67.6803,53.1512,18.72,6.15,88,34
Lenger,1521379,KZ,42.183,69.8839,51.24,5.66,34,100
Nampula,1033356,MZ,-15.1165,39.2666,94.95,13.8,31,20
Taksimo,2015701,RU,56.3444,114.8794,12.94,0.27,94,48
Vicuña,3868308,CL,-30.0319,-70.7081,47.93,0.43,63,3
Bengkulu,1649150,ID,-3.8004,102.2655,81.59,14.45,84,95
Boueni,1090467,YT,-12.9025,45.0761,87.78,9.69,75,10
Antalaha,1071296,MG,-14.9003,50.2788,83.53,9.06,66,78
Vila,7117100,PT,42.0304,-8.1588,45.82,5.37,90,57
Abbotsford,5881791,CA,49.058,-122.2526,45.23,1.01,68,90
Yumen,1528998,CN,40.2833,97.2,30.09,10.78,38,97
Naze,1855540,JP,28.3667,129.4833,63.52,16.31,65,99
Sinnamary,3380290,GF,5.3833,-52.95,77.23,9.57,86,97
Severo-Yeniseyskiy,1492566,RU,60.3725,93.0408,26.62,10.04,90,100
Mujiayingzi,2035707,CN,42.1167,118.7833,28.69,15.73,69,23
Kenai,5866063,US,60.5544,-151.2583,22.08,3.44,93,20
Santa Marinella,3167520,IT,42.0345,11.8536,60.35,5.35,89,15
Paita,3694112,PE,-5.0892,-81.1144,63.27,9.26,84,92
Walvis Bay,3359638,NA,-22.9575,14.5053,74.35,5.75,43,0
Kuzovatovo,537598,RU,53.5468,47.6866,44.35,12.35,66,99
Ca Mau,1586443,VN,9.1769,105.15,76.19,2.44,96,100
Sarangani,1687186,PH,5.4033,125.4636,82.85,14.32,76,100
Ulaanbaatar,2028462,MN,47.9077,106.8832,32.13,2.24,40,0
Anadyr,2127202,RU,64.75,177.4833,28.9,6.71,86,75
Solnechnyy,2016307,RU,50.7214,136.6319,22.87,6.89,93,100
Saldanha,3361934,ZA,-33.0117,17.9442,69.85,7.87,55,1
Edson,5946820,CA,53.5835,-116.4356,21.31,9.22,68,1
Sari,116996,IR,36.5633,53.0601,63.99,9.22,45,0
Sangar,2017215,RU,63.9242,127.4739,15.19,16.44,92,100
Lomovka,534313,RU,53.9194,58.3672,36.52,7.45,97,100
Bluefield,4799622,US,37.2698,-81.2223,46.58,9.22,53,1
Bontang,1648186,ID,0.1333,117.5,81.97,6.51,78,77
Lüshunkou,1801722,CN,38.8,121.2667,43.02,18.63,45,56
Marathon,5261790,US,44.9,-89.7668,34.83,3.44,70,1
Poretskoye,506286,RU,55.1974,46.3291,43.16,13.6,73,100
Zabul Province,1121143,AF,32.25,67.25,61.9,17.11,22,5
Vilyaka,454130,LV,57.1846,27.6722,34.5,3.47,64,5
Dhidhdhoo,1337612,MV,6.8833,73.1,81.5,11.83,77,75
Katsuura,2112309,JP,35.1333,140.3,67.19,17.67,87,88
Khipro,1173889,PK,25.8285,69.3772,94.12,3.49,10,31
Mundo Nuevo (Ojo de Agua),3522880,MX,18.7,-95.5,72.64,8.01,85,53
Gerāsh,133595,IR,27.6652,54.1371,73.54,3.47,32,0
Clarence Town,2171465,AU,-32.5833,151.7833,69.17,7.74,76,50
Xam Nua,1652203,LA,20.4197,104.0439,68.52,3.74,70,76
Gamba,2400547,GA,-2.65,10.0,74.8,5.26,96,100
Panabá,3521972,MX,21.2833,-88.2667,72.82,5.68,60,100
Dongsheng,1812256,CN,39.8161,109.9776,27.81,21.52,51,50
Saint Anthony,5044290,US,45.0205,-93.218,36.39,0.0,74,1
Cartagena,3687238,CO,10.3997,-75.5144,80.22,0.0,89,75
Campina Verde,3467860,BR,-19.5356,-49.4864,71.31,2.26,84,87
Kudahuvadhoo,1337607,MV,2.6708,72.8944,82.85,18.39,70,73
Bhag,1182872,PK,29.0415,67.8239,91.15,2.86,13,0
Chaiya,1153783,TH,9.3862,99.1986,85.98,6.78,81,100
Benguela,3351663,AO,-12.5763,13.4055,79.97,5.99,74,96
Blagoveshchensk,2026609,RU,50.2667,127.5333,23.61,20.13,74,75
Paracuru,3393115,BR,-3.41,-39.0306,81.1,11.74,69,97
Bereket,161974,TM,39.2446,55.5154,58.8,10.07,28,0
Tiruchchendur,1254390,IN,8.4833,78.1167,80.89,18.03,87,100
Riyadh,108410,SA,24.6877,46.7219,78.94,3.83,20,5
São Miguel do Araguaia,3448455,BR,-13.275,-50.1628,71.8,4.52,96,100
Itaú de Minas,3460588,BR,-20.7394,-46.7522,66.69,2.62,92,94
Dubbo,2168305,AU,-32.25,148.6167,69.93,5.75,52,75
Linhares,3458498,BR,-19.3911,-40.0722,71.96,0.31,88,84
Acaraú,3408368,BR,-2.8856,-40.12,79.34,12.08,76,44
Chacabuco,3861953,AR,-34.6417,-60.4739,54.84,9.33,79,39
Pachino,6539213,IT,36.7186,15.0907,73.44,4.47,79,100
Agadir,2561668,MA,30.4202,-9.5982,57.65,0.98,30,0
Orikum,3184575,AL,40.3253,19.4714,69.58,1.43,73,59
Khani,610864,GE,41.9563,42.9566,65.77,2.93,38,2
Churāchāndpur,1273909,IN,24.3333,93.6667,78.08,2.15,45,46
Bariloche,7647007,AR,-41.1456,-71.3082,53.35,5.75,54,75
Vrangel',2013258,RU,42.7297,133.0839,39.51,2.53,63,62
Murgab,1218612,TM,37.4966,61.9714,58.87,0.0,23,0
Vao,2137773,NC,-22.6667,167.4833,73.78,6.55,84,97
Naryan-Mar,523392,RU,67.6713,53.087,18.84,6.17,89,32
Luanda,2240449,AO,-8.8368,13.2343,82.4,6.91,69,75
Ballina,2177069,AU,-28.8667,153.5667,70.45,8.05,87,75
Copacabana,3685949,CO,6.3463,-75.5089,64.92,0.87,99,99
Boali,2388720,CF,4.8005,18.1275,87.67,2.95,61,100
Houma,4328010,US,29.5958,-90.7195,47.52,3.71,68,0
Mikkeli,646005,FI,61.6886,27.2723,26.71,4.61,93,75
Nabire,1634614,ID,-3.3667,135.4833,80.8,2.35,86,100
Khovu-Aksy,1503527,RU,51.1333,93.6,24.01,1.57,73,27
Kramat,7375890,ID,-8.1311,113.4499,81.43,4.76,85,98
Kayerkan,1497337,RU,69.3497,87.7602,9.7,14.14,94,100
Torrevieja,2510253,ES,37.9787,-0.6822,59.4,5.61,63,26
Inndyr,3151056,NO,67.0338,14.0276,33.84,16.24,74,100
Ambunti,2100933,PG,-4.2365,142.8448,81.23,3.24,77,46
Paraíso,3622547,CR,9.8383,-83.8656,65.03,3.76,83,85
Cleburne,4681976,US,32.3476,-97.3867,59.34,8.05,93,1
Rio Grande,3451138,BR,-32.035,-52.0986,55.94,5.1,82,0
Muhos,645765,FI,64.808,25.9931,17.38,8.08,73,100
Mwene-Ditu,207570,CD,-7.0,23.45,89.65,4.56,36,35
Ibrā’,287832,OM,22.6906,58.5334,89.53,9.44,12,0
Fairbanks,5861897,US,64.8378,-147.7164,3.04,6.91,77,20
Juneau,5554072,US,58.3019,-134.4197,37.58,18.41,71,20
Asahikawa,2130629,JP,43.7678,142.3703,56.41,10.36,82,75
Vila Velha,3445026,BR,-20.3297,-40.2925,70.95,2.3,98,90
Nara,1855612,JP,34.6851,135.8049,55.71,4.63,53,100
Monterey,5374376,US,36.2505,-121.2516,53.31,8.05,45,100
Shūshtar,114584,IR,32.0455,48.8567,82.13,1.45,21,7
Lithgow,2160053,AU,-33.4833,150.15,60.35,1.92,66,44
Haysville,4272788,US,37.5645,-97.3523,51.6,1.99,86,1
Port-Gentil,2396518,GA,-0.7193,8.7815,80.56,9.22,89,75
Troitskoye,1489209,RU,52.9821,84.6757,33.3,6.6,61,66
Porto Seguro,3452640,BR,-16.4497,-39.0647,75.72,3.44,94,90
Taft,113632,IR,31.7471,54.2088,55.35,2.3,47,40
Kamenka,553766,RU,51.3223,42.7678,45.93,17.27,52,81
Demba,217389,CD,-5.51,22.2667,93.31,3.27,34,49
Kankakee,4898188,US,41.15,-87.8667,44.4,4.61,100,1
Uruçuí,3385658,BR,-7.2294,-44.5561,75.79,2.8,89,96
Bay Roberts,5895424,CA,47.5999,-53.2648,38.48,1.99,100,100
Nehe,2035610,CN,48.4833,124.8333,23.22,20.51,90,100
Krasnogorodskoye,542378,RU,56.8357,28.2822,33.91,4.61,58,3
Nemuro,2128975,JP,43.3236,145.575,54.03,22.59,93,100
Batesville,4100525,US,35.7698,-91.641,46.6,0.0,86,1
Macaé,3458266,BR,-22.3708,-41.7869,69.57,2.3,100,0
Tiznit Province,2527087,MA,29.5833,-9.5,61.03,0.87,21,0
Quatre Cocos,1106643,MU,-20.2078,57.7625,82.09,10.6,73,71
Monte Escobedo,3995490,MX,22.3,-103.5833,47.98,1.63,42,33
Enterprise,5503766,US,36.0252,-115.2419,62.56,5.01,25,75
Conceição do Araguaia,3401845,BR,-8.2578,-49.2647,73.65,3.56,95,100
Kirakira,2178753,SB,-10.4544,161.9205,80.73,9.04,83,10
Palmerston North,2185018,NZ,-40.35,175.6167,56.59,1.01,90,4
Bonoua,2291087,CI,5.2741,-3.595,82.02,3.58,87,100
Lavrentiya,4031637,RU,65.5833,-171.0,9.23,6.26,81,25
Songling,1898494,CN,31.1933,120.7176,53.58,11.63,37,88
San Policarpo,1688696,PH,12.1791,125.5072,82.36,14.43,82,100
Sechura,3691954,PE,-5.5569,-80.8222,63.82,8.48,81,88
